<?xml version="1.0" encoding="UTF-8"?>
<project-private xmlns="http://www.netbeans.org/ns/project-private/1">
    <editor-bookmarks xmlns="http://www.netbeans.org/ns/editor-bookmarks/2" lastBookmarkId="0"/>
    <open-files xmlns="http://www.netbeans.org/ns/projectui-open-files/2">
        <group>
            <file>file:/C:/Users/Amnah%20Hammad/Downloads/ProjectCPCS_PART2/src/GraphFramework/ShortestPathAlgorithm.java</file>
            <file>file:/C:/Users/Amnah%20Hammad/Downloads/ProjectCPCS_PART2/src/AirFrieghtApp/AirFrieghtApp.java</file>
            <file>file:/C:/Users/Amnah%20Hammad/Downloads/ProjectCPCS_PART2/src/GraphFramework/Graph.java</file>
            <file>file:/C:/Users/Amnah%20Hammad/Downloads/ProjectCPCS_PART2/src/GraphFramework/Vertex.java</file>
            <file>file:/C:/Users/Amnah%20Hammad/Downloads/ProjectCPCS_PART2/src/AirFrieghtApp/Route.java</file>
            <file>file:/C:/Users/Amnah%20Hammad/Downloads/ProjectCPCS_PART2/src/GraphFramework/Edge.java</file>
            <file>file:/C:/Users/Amnah%20Hammad/Downloads/ProjectCPCS_PART2/src/GraphFramework/SingleSourceSBAlg.java</file>
            <file>file:/C:/Users/Amnah%20Hammad/Downloads/ProjectCPCS_PART2/src/GraphFramework/AFRouteMap.java</file>
            <file>file:/C:/Users/Amnah%20Hammad/Downloads/ProjectCPCS_PART2/src/AirFrieghtApp/Location.java</file>
            <file>file:/C:/Users/Amnah%20Hammad/Downloads/ProjectCPCS_PART2/src/GraphFramework/DBAllSourceSPAlg.java</file>
        </group>
    </open-files>
</project-private>
